id_hospede,nome,email,telefone,cidade_origem,estado,data_nascimento,genero
1,Carlos Pereira,carlos.pereira76@outlook.com,(24) 99935-2424,Rio de Janeiro,RJ,1969-03-24,M
2,Diego Alves,diego.alves29@outlook.com,(36) 99928-7873,Manaus,AM,1993-01-18,M
3,BRUNO RIBEIRO,bruno.ribeiro49@gmail.com,(54) 92674-2519,Belo Horizonte,MG,1972-03-07,M
4,Sandra Pereira,sandra.pereira71@yahoo.com,(26) 97201-2291,Fortaleza,CE,2001-08-18,F
5,Cristina Ferreira,carlossilva.semdominio,(48) 92307-4814,Recife,PE,1957-11-08,F
6,Mariana Carvalho,mariana.carvalho69@hotmail.com,(98) 92169-3803,Belo Horizonte,MG,1968-11-09,F
7,Amanda Dias,amanda.dias41@outlook.com,(18) 94752-1525,Rio de Janeiro,RJ,1998-06-27,Masculino
8,Paulo Martins,paulo.martins34@hotmail.com,11987654321,Rio de Janeiro,RJ,1996-08-13,M
9,cristina ribeiro,cristina.ribeiro12@gmail.com,(28) 99348-9085,Brasília,DF,1980-06-08,F
10,Bruno Ribeiro,bruno.ribeiro33@gmail.com,(87) 98668-9669,Brasília,DF,1959-07-13,M
11,Ricardo Pereira,ricardo.pereira93@yahoo.com,(31) 98433-1053,,MG,1962-05-14,M
12,Daniel Souza,emailsemarrobasemnada,(36) 93504-7126,São Paulo,SP,1995-09-20,M
13,Henrique Martins,henrique.martins31@gmail.com,(50) 94923-1949,Porto Alegre,RS,1956-02-12,M
14,Fernanda Dias,fernanda.dias68@outlook.com,(81) 93705-5342,Salvador,BA,1963-11-16,F
15,Marcos Gomes,marcos.gomes9@yahoo.com,(26) 95061-4681,Belo Horizonte,rio de janeiro,1983-09-15,M
16,Paulo Alves,paulo.alves5@yahoo.com,(18) 94750-2104,Fortaleza,CE,1959-12-21,M
17,André Nascimento,andré.nascimento61@outlook.com,+55 (21) 98765-4321,Rio de Janeiro,RJ,1989-03-24,M
18,Gustavo Carvalho,gustavo.carvalho52@yahoo.com,(17) 92612-1993,Curitiba,PR,1981-08-28,M
19,Felipe Ferreira,felipe.ferreira60@hotmail.com,(65) 94006-5563,Rio de Janeiro,RJ,1989-08-05,fem
20,Leonardo Dias,leonardo.dias22@outlook.com,(12) 92528-4872,Recife,PE,1899-03-15,M
21,Eduardo Santos,eduardo.santos55@outlook.com,(44) 98454-5673,Salvador,BA,1979-01-13,M
22,Patrícia Santos,patrícia.santos75@outlook.com,(51) 91936-1821,Brasília,DF,2002-09-02,F
23,Pedro Moreira,teste@@duplo.com,(19) 94853-7615,Recife,PE,1966-02-20,M
24,Henrique Oliveira,henrique.oliveira27@yahoo.com,(77) 96183-5272,Curitiba,PR,1997-10-19,M
25,Beatriz Rodrigues,beatriz.rodrigues69@hotmail.com,(69) 92638-2200,Porto Alegre,,1975-02-01,F
26,Rodrigo Oliveira,rodrigo.oliveira79@gmail.com,(67) 99900-5956,Rio de Janeiro,RJ,1978-05-06,M
27,Camila Lima,camila.lima37@hotmail.com,(81) 93546-5462,São Paulo,Sp,1962-02-24,F
28,André Moreira,andré.moreira6@gmail.com,(92) 97939-5533,Porto Alegre,RS,1971-01-03,M
29,André Costa,andré.costa10@hotmail.com,(82) 91158-2832,Porto Alegre,RS,1990-12-14,M
30,Cristina Dias,cristina.dias46@hotmail.com,(50) 96974-1653,Salvador,BA,1982-03-02,F
31,Rodrigo Dias,rodrigo.dias53@gmail.com,9999,Curitiba,PR,1994-12-05,M
32,Débora Alves,débora.alves29@hotmail.com,(59) 91634-8711,São Paulo,SP,1965-12-04,F
33,Renata Rodrigues,renata.rodrigues36@gmail.com,(35) 97528-6378,Rio de Janeiro,RJ,1969-01-22,
34,Renata Moreira,renata.moreira23@yahoo.com,(14) 92889-5279,Curitiba,PR,1998-09-11,F
35,Renata Martins,renata.martins6@outlook.com,(60) 94114-5173,Curitiba,PR,1993-09-04,F
36,Rodrigo Ribeiro,rodrigo.ribeiro65@yahoo.com,(51) 93041-5920,Recife,PE,1997-06-20,M
37,Tatiana Rodrigues,tatiana.rodrigues79@yahoo.com,(96) 97211-3851,Manaus,AM,1963-04-14,F
38,Marcos Rodrigues,marcos.rodrigues57@outlook.com,(94) 96279-8618,Rio de Janeiro,RRJ,1982-10-20,M
39,Mariana Oliveira,mariana.oliveira97@hotmail.com,(90) 96491-2530,São Paulo,SP,1987-11-21,F
40,Diego Lima,diego.lima54@hotmail.com,(89) 92193-8461,Fortaleza,CE,1957-04-16,M
41,Letícia Gomes,letícia.gomes29@hotmail.com,(11) 92746-7965,Rio de Janeiro,RJ,1964-11-23,F
42,Juliana Dias,juliana.dias97@outlook.com,(70) 99702-6198,Rio de Janeiro,RJ,1962-08-05,F
43,Aline Araújo,aline.araújo99@outlook.com,(44) 95050-5543,Salvador,BA,2002-08-15,F
44,  Carolina Oliveira  ,carolina.oliveira18@hotmail.com,(51) 99849-2320,São Paulo,SP,1970-05-11,F
45,Diego Oliveira,diego.oliveira27@outlook.com,(70) 97812-2020,Curitiba,PR,1981-06-18,M
46,Paulo Gomes,paulo.gomes96@hotmail.com,(60) 97865-9818,Porto Alegre,RS,1955-06-10,M
47,Débora Nascimento,débora.nascimento60@hotmail.com,(97) 97624-3704,Fortaleza,CE,1979-06-22,F
48,Eduardo Castro,eduardo.castro60@hotmail.com,(93) 98022-3223,Brasília,DF,1997-01-03,M
49,Priscila Ferreira,priscila.ferreira33@gmail.com,(59) 95558-7906,Porto Alegre,RS,1975-06-25,F
50,Rodrigo Alves,rodrigo.alves3@hotmail.com,(14) 95051-4266,Recife,PE,1996-01-25,M
51,Camila Castro,camila.castro21@yahoo.com,(58) 93749-2876,Rio de Janeiro,RJ,1984-12-09,F
52,Marcos Castro,marcos.castro90@yahoo.com,(20) 94978-2669,Curitiba,PR,1980-12-07,M
53,Paulo Santos,paulo.santos83@yahoo.com,(58) 92129-9289,Belo Horizonte,MG,1989-07-22,M
54,Letícia Souza,letícia.souza23@yahoo.com,(69) 93506-8135,Curitiba,PR,1978-11-27,F
55,Carolina Ribeiro,carolina.ribeiro58@hotmail.com,(42) 92419-5569,Brasília,DF,2020-06-10,F
56,Priscila Silva,priscila.silva44@yahoo.com,(38) 96813-5232,Porto Alegre,RS,1975-03-16,F
57,Aline Silva,aline.silva89@outlook.com,(63) 99004-4937,Manaus,AM,1967-02-08,F
58,Carolina Silva,carolina.silva85@yahoo.com,(99) 94986-6016,Recife,PE,1973-04-13,F
59,Débora Dias,débora.dias30@gmail.com,(45) 96023-5118,Belo Horizonte,MG,1977-12-15,F
60,Camila Dias,camila.dias77@yahoo.com,(72) 95530-9595,Salvador,BA,1985-13-05,F
61,Marcos Alves,marcos.alves6@gmail.com,(79) 93073-5494,Belo Horizonte,MG,1966-05-01,M
62,Mateus Souza,mateus.souza24@gmail.com,(72) 98216-6582,Fortaleza,CE,1991-05-16,M
63,Camila Oliveira,camila.oliveira20@yahoo.com,(91) 91878-3485,Curitiba,PR,1986-02-19,F
64,Lucas Dias,lucas.dias49@outlook.com,(90) 94697-9561,Curitiba,PR,1993-10-26,M
65,Cristina Ribeiro,cristina.ribeiro81@hotmail.com,(89) 92625-4404,São Paulo,SP,1991-10-02,F
66,Bruno Alves,bruno.alves89@outlook.com,(11) 97693-8381,Salvador,BA,1990-02-06,M
67,Marcos Rodrigues,marcos.rodrigues15@hotmail.com,(44) 94241-7965,Porto Alegre,RS,1959-11-08,M
68,Beatriz Oliveira,beatriz.oliveira16@outlook.com,(83) 95728-8195,Fortaleza,CE,1965-05-20,F
69,Amanda Moreira,amanda.moreira95@yahoo.com,(87) 91653-8078,Manaus,AM,1986-08-03,F
70,João Alves,joão.alves98@hotmail.com,(97) 95415-1659,Brasília,DF,1992-01-25,M
71,Amanda Costa,amanda.costa45@outlook.com,(73) 92494-8700,Brasília,DF,1982-11-27,F
72,Bruno Martins,bruno.martins59@gmail.com,(95) 97561-1601,Curitiba,PR,1999-08-10,M
73,Camila Gomes,camila.gomes7@hotmail.com,(80) 98569-7770,Manaus,AM,1955-11-28,F
74,Carolina Santos,carolina.santos16@gmail.com,(47) 98178-8941,Rio de Janeiro,RJ,1972-09-05,F
75,Bruno Rodrigues,bruno.rodrigues60@gmail.com,(22) 94681-2858,Manaus,AM,1955-09-14,M
76,Mateus Rodrigues,mateus.rodrigues59@hotmail.com,(72) 98736-4993,Manaus,AM,2000-05-14,M
77,João Pereira,joão.pereira76@outlook.com,(11) 95634-5891,Curitiba,PR,1976-09-09,M
78,Aline Nascimento,aline.nascimento42@hotmail.com,(80) 97180-8460,Belo Horizonte,MG,1976-09-25,F
79,Paulo Gomes,paulo.gomes85@hotmail.com,(71) 97246-7325,Rio de Janeiro,RJ,1981-01-11,M
80,Rafael Moreira,rafael.moreira59@gmail.com,(67) 92633-9617,Brasília,DF,1976-02-28,M
81,Beatriz Oliveira,beatriz.oliveira43@outlook.com,(99) 97512-2315,Porto Alegre,RS,1971-06-20,F
82,Aline Santos,aline.santos96@gmail.com,(98) 95708-4727,Brasília,DF,1959-04-21,F
83,Lucas Araújo,lucas.araújo38@yahoo.com,(16) 96314-1919,Salvador,BA,1999-05-01,M
84,Felipe Moreira,felipe.moreira11@outlook.com,(34) 93785-3868,Curitiba,PR,1991-11-26,M
85,Mateus Castro,mateus.castro86@gmail.com,(43) 98529-5183,Salvador,BA,1969-08-21,M
86,Vanessa Dias,vanessa.dias89@yahoo.com,(86) 95901-7951,Salvador,BA,1959-08-12,F
87,Patrícia Gomes,patrícia.gomes90@yahoo.com,(84) 96881-5847,Porto Alegre,RS,1961-04-13,F
88,Amanda Silva,amanda.silva30@yahoo.com,(88) 99138-5689,Brasília,DF,1998-12-02,F
89,Henrique Pereira,henrique.pereira57@gmail.com,(93) 91645-6061,Salvador,BA,1995-02-21,M
90,João Rodrigues,joão.rodrigues47@yahoo.com,(36) 93165-9837,Belo Horizonte,MG,2002-07-06,M
91,Letícia Rodrigues,letícia.rodrigues72@yahoo.com,(29) 94696-7511,Belo Horizonte,MG,1962-08-03,F
92,Ana Pereira,ana.pereira82@yahoo.com,(97) 95295-7242,Manaus,AM,1962-08-12,F
93,Mateus Silva,mateus.silva90@yahoo.com,(39) 92035-8606,Brasília,DF,1990-06-20,M
94,Rafael Santos,rafael.santos18@outlook.com,(23) 94846-9807,Fortaleza,CE,1974-08-04,M
95,Cristina Lima,cristina.lima5@yahoo.com,(73) 97686-5583,Curitiba,PR,1996-02-27,F
96,Larissa Carvalho,larissa.carvalho51@yahoo.com,(93) 96876-1992,Recife,PE,1998-06-18,F
97,Leonardo Oliveira,leonardo.oliveira32@hotmail.com,(13) 91828-6464,Rio de Janeiro,RJ,1996-11-20,M
98,João Dias,joão.dias77@gmail.com,(40) 96383-3417,Rio de Janeiro,RJ,1992-04-27,M
99,Rafael Dias,rafael.dias46@hotmail.com,(14) 93159-1243,São Paulo,SP,1966-02-22,M
100,Bruno Pereira,bruno.pereira61@outlook.com,(78) 92862-2041,Fortaleza,CE,1963-12-14,M
101,Leonardo Moreira,leonardo.moreira59@gmail.com,(95) 99543-5941,Rio de Janeiro,RJ,1994-01-24,M
102,Tatiana Ribeiro,tatiana.ribeiro78@hotmail.com,(20) 92323-6277,Recife,PE,1986-12-15,F
103,Sandra Castro,sandra.castro59@outlook.com,(87) 99692-5831,Manaus,AM,2000-06-13,F
104,Ricardo Ferreira,ricardo.ferreira54@gmail.com,(54) 98430-7532,Curitiba,PR,1983-04-14,M
105,Amanda Carvalho,amanda.carvalho56@gmail.com,(22) 92398-2527,Salvador,BA,1998-08-03,F
106,Beatriz Dias,beatriz.dias46@outlook.com,(53) 93002-7730,Fortaleza,CE,1992-09-18,F
107,Marcos Barbosa,marcos.barbosa85@outlook.com,(75) 94485-3535,São Paulo,SP,1977-02-19,M
108,Rodrigo Dias,rodrigo.dias78@yahoo.com,(39) 98030-1430,Belo Horizonte,MG,1962-05-19,M
109,Vanessa Martins,vanessa.martins19@gmail.com,(29) 97566-2140,Belo Horizonte,MG,1955-03-28,F
110,Eduardo Ribeiro,eduardo.ribeiro7@hotmail.com,(50) 96314-2391,Porto Alegre,RS,1976-03-12,M
111,João Pereira,joão.pereira35@hotmail.com,(88) 98242-7785,Porto Alegre,RS,1997-07-16,M
112,Rodrigo Ribeiro,rodrigo.ribeiro86@yahoo.com,(86) 98972-9633,Recife,PE,1973-11-22,M
113,Sandra Santos,sandra.santos42@gmail.com,(28) 95186-5742,Fortaleza,CE,1968-05-07,F
114,Mariana Lima,mariana.lima51@gmail.com,(75) 96802-2180,Curitiba,PR,1989-12-08,F
115,Fernanda Martins,fernanda.martins15@outlook.com,(92) 97843-5743,Brasília,DF,1982-10-13,F
116,Mariana Barbosa,mariana.barbosa56@outlook.com,(66) 92734-4986,Porto Alegre,RS,1999-06-03,F
117,Vanessa Martins,vanessa.martins66@hotmail.com,(76) 92868-9693,Rio de Janeiro,RJ,1976-03-03,F
118,Renata Lima,renata.lima98@gmail.com,(36) 93842-3504,Rio de Janeiro,RJ,1961-03-09,F
119,Carolina Castro,carolina.castro20@outlook.com,(93) 96295-6179,Brasília,DF,1983-11-19,F
120,Vanessa Pereira,vanessa.pereira58@gmail.com,(20) 96085-8565,Brasília,DF,1958-06-17,F
121,Fernanda Oliveira,fernanda.oliveira74@hotmail.com,(70) 91672-8368,Brasília,DF,1993-09-13,F
122,Gabriela Lima,gabriela.lima83@hotmail.com,(54) 92381-9266,Fortaleza,CE,1983-02-26,F
123,Carolina Moreira,carolina.moreira53@yahoo.com,(58) 95634-7347,Manaus,AM,1994-03-12,F
124,Thiago Oliveira,thiago.oliveira93@hotmail.com,(60) 95655-5128,Belo Horizonte,MG,1961-09-22,M
125,Rodrigo Rodrigues,rodrigo.rodrigues83@yahoo.com,(21) 96072-7171,Curitiba,PR,1963-10-23,M
126,Gustavo Moreira,gustavo.moreira99@outlook.com,(34) 94509-6598,Belo Horizonte,MG,1956-06-10,M
127,Rafael Oliveira,rafael.oliveira85@yahoo.com,(80) 99626-1618,São Paulo,SP,1961-09-25,M
128,Henrique Gomes,henrique.gomes6@outlook.com,(99) 93712-8170,Salvador,BA,1965-03-27,M
129,Leonardo Barbosa,leonardo.barbosa31@yahoo.com,(68) 94833-9749,São Paulo,SP,2003-12-26,M
130,Patrícia Carvalho,patrícia.carvalho68@outlook.com,(47) 97256-9239,Brasília,DF,1983-08-25,F
131,Henrique Lima,henrique.lima16@yahoo.com,(58) 92680-9452,São Paulo,SP,1958-11-16,M
132,André Araújo,andré.araújo4@outlook.com,(39) 98391-6727,Manaus,AM,1964-07-03,M
133,Larissa Gomes,larissa.gomes19@hotmail.com,(51) 92623-6493,Recife,PE,1978-04-01,F
134,Beatriz Nascimento,beatriz.nascimento20@outlook.com,(13) 95193-4533,Porto Alegre,RS,1994-01-03,F
135,Larissa Rodrigues,larissa.rodrigues15@outlook.com,(92) 98489-2029,Recife,PE,1958-04-14,F
136,Daniel Castro,daniel.castro31@outlook.com,(65) 91025-6780,Rio de Janeiro,RJ,2000-03-10,M
137,Daniel Carvalho,daniel.carvalho61@gmail.com,(75) 91333-7397,Recife,PE,1988-09-17,M
138,Amanda Silva,amanda.silva18@gmail.com,(95) 92698-6447,Belo Horizonte,MG,1959-06-08,F
139,Mariana Araújo,mariana.araújo5@yahoo.com,(28) 92033-8498,Porto Alegre,RS,1995-03-26,F
140,Pedro Martins,pedro.martins5@hotmail.com,(80) 98756-5150,São Paulo,SP,1987-07-27,M
141,Thiago Pereira,thiago.pereira24@outlook.com,(67) 97334-6554,Recife,PE,1978-07-13,M
142,Gabriela Pereira,gabriela.pereira38@yahoo.com,(66) 93956-9937,Recife,PE,2001-07-03,F
143,Vanessa Rodrigues,vanessa.rodrigues58@gmail.com,(32) 98272-6759,Porto Alegre,RS,1993-12-14,F
144,Sandra Ribeiro,sandra.ribeiro66@hotmail.com,(96) 97655-6952,São Paulo,SP,1995-01-03,F
145,Henrique Araújo,henrique.araújo50@gmail.com,(93) 97001-6933,Fortaleza,CE,1963-02-08,M
146,Renata Carvalho,renata.carvalho51@yahoo.com,(28) 99674-7012,Porto Alegre,RS,2003-02-19,F
147,Lucas Silva,lucas.silva34@outlook.com,(82) 92929-5288,Salvador,BA,1986-09-13,M
148,Letícia Ferreira,letícia.ferreira88@yahoo.com,(33) 98292-2438,Recife,PE,1963-02-15,F
149,Ricardo Dias,ricardo.dias66@hotmail.com,(92) 93852-6922,São Paulo,SP,1974-03-23,M
150,Rafael Alves,rafael.alves71@hotmail.com,(84) 97044-8657,Porto Alegre,RS,1956-06-18,M
151,João Rodrigues,joão.rodrigues74@gmail.com,(78) 97730-7708,Curitiba,PR,2000-12-16,M
152,Fernanda Araújo,fernanda.araújo56@gmail.com,(27) 93981-3114,Porto Alegre,RS,1998-09-12,F
153,Marcos Costa,marcos.costa11@yahoo.com,(55) 99501-5653,Salvador,BA,1975-12-08,M
154,Beatriz Rodrigues,beatriz.rodrigues22@yahoo.com,(93) 93762-3526,Brasília,DF,1989-02-17,F
155,Carlos Oliveira,carlos.oliveira80@gmail.com,(94) 94453-7825,Fortaleza,CE,1996-10-09,M
156,Vanessa Nascimento,vanessa.nascimento21@outlook.com,(69) 92195-1981,Rio de Janeiro,RJ,1998-07-10,F
157,Patrícia Martins,patrícia.martins17@yahoo.com,(51) 96658-7532,Brasília,DF,1964-06-28,F
158,Thiago Alves,thiago.alves7@yahoo.com,(42) 93308-2586,Porto Alegre,RS,1962-05-15,M
159,Larissa Costa,larissa.costa66@outlook.com,(35) 93610-9163,Belo Horizonte,MG,1991-12-11,F
160,Letícia Silva,letícia.silva7@gmail.com,(41) 94524-6781,Recife,PE,1980-09-15,F
161,Vanessa Dias,vanessa.dias47@gmail.com,(44) 96992-7606,Fortaleza,CE,1961-07-05,F
162,Rodrigo Dias,rodrigo.dias17@gmail.com,(68) 95582-2946,São Paulo,SP,1959-07-17,M
163,Aline Carvalho,aline.carvalho6@gmail.com,(62) 99193-1659,Salvador,BA,1967-10-17,F
164,Letícia Moreira,letícia.moreira21@outlook.com,(28) 96373-6218,Porto Alegre,RS,1964-10-17,F
165,Cristina Martins,cristina.martins3@yahoo.com,(83) 95911-8780,Manaus,AM,1987-09-16,F
166,Gustavo Castro,gustavo.castro84@hotmail.com,(14) 98775-5350,São Paulo,SP,2001-12-21,M
167,Mariana Moreira,mariana.moreira74@gmail.com,(98) 94968-1517,Brasília,DF,1979-03-27,F
168,Priscila Ribeiro,priscila.ribeiro95@gmail.com,(63) 99221-8726,Salvador,BA,1981-12-07,F
169,Ricardo Martins,ricardo.martins44@yahoo.com,(33) 98531-9734,Porto Alegre,RS,1988-07-11,M
170,Sandra Nascimento,sandra.nascimento99@yahoo.com,(49) 94684-5876,Rio de Janeiro,RJ,1970-05-18,F
171,Priscila Nascimento,priscila.nascimento49@outlook.com,(47) 92996-9899,Belo Horizonte,MG,1990-12-09,F
172,Marcos Santos,marcos.santos28@hotmail.com,(67) 95201-8849,São Paulo,SP,2000-02-12,M
173,Aline Pereira,aline.pereira7@hotmail.com,(86) 94920-4972,Salvador,BA,1961-10-24,F
174,Lucas Ribeiro,lucas.ribeiro71@hotmail.com,(98) 93252-1084,Belo Horizonte,MG,2000-08-04,M
175,Letícia Ferreira,letícia.ferreira69@gmail.com,(18) 92465-4804,São Paulo,SP,1975-05-21,F
176,Gustavo Costa,gustavo.costa39@gmail.com,(48) 91613-1151,Fortaleza,CE,1980-08-06,M
177,Vanessa Araújo,vanessa.araújo25@gmail.com,(75) 98668-5470,Manaus,AM,1988-08-05,F
178,Amanda Costa,amanda.costa79@outlook.com,(48) 94164-3875,Fortaleza,CE,2002-06-26,F
179,Fernanda Gomes,fernanda.gomes34@outlook.com,(52) 95064-1111,Recife,PE,1966-03-16,F
180,Priscila Rodrigues,priscila.rodrigues8@gmail.com,(44) 96890-4871,Brasília,DF,2001-10-01,F
181,Eduardo Moreira,eduardo.moreira29@hotmail.com,(48) 97021-4618,São Paulo,SP,1999-02-21,M
182,Sandra Carvalho,sandra.carvalho88@gmail.com,(79) 94578-5054,Curitiba,PR,1999-09-16,F
183,Fernanda Castro,fernanda.castro22@yahoo.com,(36) 99792-3455,Recife,PE,1958-09-17,F
184,Camila Ferreira,camila.ferreira17@outlook.com,(68) 91911-8429,Brasília,DF,1986-02-17,F
185,Ricardo Araújo,ricardo.araújo75@gmail.com,(43) 91049-4570,São Paulo,SP,2001-01-13,M
186,Fernanda Dias,fernanda.dias99@hotmail.com,(47) 97698-3948,Fortaleza,CE,1959-08-02,F
187,Renata Gomes,renata.gomes84@yahoo.com,(98) 99835-3178,Porto Alegre,RS,1979-07-03,F
188,Gabriela Lima,gabriela.lima69@outlook.com,(70) 99920-7948,Rio de Janeiro,RJ,1955-01-10,F
189,Leonardo Carvalho,leonardo.carvalho79@gmail.com,(25) 91527-7868,Salvador,BA,1972-04-24,M
190,Lucas Barbosa,lucas.barbosa52@outlook.com,(17) 95009-1724,Fortaleza,CE,1983-10-22,M
191,Pedro Lima,pedro.lima31@yahoo.com,(84) 96224-6253,Manaus,AM,1973-04-27,M
192,Gustavo Rodrigues,gustavo.rodrigues7@yahoo.com,(33) 97999-9120,São Paulo,SP,1958-09-19,M
193,Gabriela Martins,gabriela.martins61@hotmail.com,(59) 94012-9813,Curitiba,PR,1981-03-10,F
194,Beatriz Araújo,beatriz.araújo50@hotmail.com,(82) 99683-3196,Fortaleza,CE,1990-07-14,F
195,Fernanda Araújo,fernanda.araújo49@gmail.com,(35) 91844-5398,Belo Horizonte,MG,1960-09-24,F
196,Paulo Dias,paulo.dias28@hotmail.com,(53) 95967-1251,Rio de Janeiro,RJ,1985-04-28,M
197,Mateus Alves,mateus.alves49@outlook.com,(41) 96269-5637,Brasília,DF,2000-04-13,M
198,Vanessa Pereira,vanessa.pereira27@yahoo.com,(23) 98692-6246,Belo Horizonte,MG,1987-08-15,F
199,Paulo Alves,paulo.alves20@hotmail.com,(85) 97841-5836,Salvador,BA,1956-05-18,M
200,Cristina Alves,cristina.alves93@outlook.com,(54) 95216-9005,Porto Alegre,RS,1990-11-22,F
201,Mariana Lima,mariana.lima5@gmail.com,(93) 91962-9584,Manaus,AM,1986-03-18,F
202,Carlos Ribeiro,carlos.ribeiro65@outlook.com,(30) 91149-4583,Salvador,BA,1995-04-03,M
203,Letícia Silva,letícia.silva93@yahoo.com,(12) 91274-9673,Fortaleza,CE,1989-09-14,F
204,Ana Moreira,ana.moreira25@yahoo.com,(78) 93439-4948,Curitiba,PR,1966-02-04,F
205,Tatiana Oliveira,tatiana.oliveira88@gmail.com,(42) 94700-5914,Belo Horizonte,MG,1980-08-19,F
206,João Gomes,joão.gomes11@outlook.com,(18) 91154-3807,Curitiba,PR,1979-09-16,M
207,Cristina Souza,cristina.souza6@gmail.com,(99) 98790-5441,Manaus,AM,1957-04-07,F
208,Aline Castro,aline.castro10@yahoo.com,(37) 93362-7525,Fortaleza,CE,1966-06-01,F
209,Paulo Gomes,paulo.gomes96@yahoo.com,(28) 92284-9204,Manaus,AM,1976-07-25,M
210,Larissa Oliveira,larissa.oliveira82@yahoo.com,(61) 96347-1485,Belo Horizonte,MG,1993-10-20,F
211,Letícia Alves,letícia.alves99@yahoo.com,(34) 97227-2404,Belo Horizonte,MG,1990-07-14,F
212,João Pereira,joão.pereira41@yahoo.com,(92) 93527-7383,Salvador,BA,1979-12-26,M
213,Marcos Araújo,marcos.araújo56@outlook.com,(27) 92430-4070,Belo Horizonte,MG,2003-05-04,M
214,Camila Silva,camila.silva2@yahoo.com,(87) 96315-7311,Recife,PE,1977-09-03,F
215,Ricardo Alves,ricardo.alves35@yahoo.com,(59) 93777-3274,Brasília,DF,1988-03-22,M
216,João Costa,joão.costa33@hotmail.com,(72) 92260-6916,Curitiba,PR,1972-07-10,M
217,Sandra Barbosa,sandra.barbosa43@outlook.com,(49) 91110-7483,Rio de Janeiro,RJ,1984-02-05,F
218,Carolina Martins,carolina.martins62@yahoo.com,(49) 96253-4290,Curitiba,PR,1996-10-05,F
219,Priscila Rodrigues,priscila.rodrigues47@gmail.com,(59) 95592-7437,Porto Alegre,RS,1991-04-11,F
220,Paulo Dias,paulo.dias38@gmail.com,(70) 94434-8183,Salvador,BA,1998-09-01,M
221,Letícia Lima,letícia.lima10@outlook.com,(30) 97932-7176,São Paulo,SP,1970-05-22,F
222,Cristina Gomes,cristina.gomes90@gmail.com,(80) 91602-6890,Manaus,AM,1987-12-14,F
223,Rodrigo Costa,rodrigo.costa56@gmail.com,(97) 97547-6432,Brasília,DF,1957-10-21,M
224,Larissa Moreira,larissa.moreira48@outlook.com,(84) 94621-8303,Manaus,AM,1990-10-23,F
225,Rodrigo Silva,rodrigo.silva45@yahoo.com,(21) 92901-3321,Porto Alegre,RS,1961-05-14,M
226,Daniel Nascimento,daniel.nascimento39@gmail.com,(68) 96225-2100,Belo Horizonte,MG,1985-02-15,M
227,Carlos Martins,carlos.martins71@hotmail.com,(42) 99454-3858,Recife,PE,1998-03-24,M
228,Carolina Alves,carolina.alves4@hotmail.com,(92) 98080-7481,Curitiba,PR,1995-03-06,F
229,Tatiana Silva,tatiana.silva24@yahoo.com,(19) 92667-9796,Rio de Janeiro,RJ,1968-05-25,F
230,Camila Pereira,camila.pereira76@gmail.com,(87) 97367-7431,Porto Alegre,RS,1988-11-11,F
231,Sandra Costa,sandra.costa16@hotmail.com,(97) 93194-6131,São Paulo,SP,1994-10-03,F
232,Rodrigo Lima,rodrigo.lima24@outlook.com,(28) 97286-7931,Manaus,AM,1979-07-20,M
233,Ricardo Costa,ricardo.costa46@gmail.com,(51) 98389-1878,Porto Alegre,RS,1973-03-06,M
234,Eduardo Dias,eduardo.dias91@outlook.com,(98) 99056-7809,Manaus,AM,1996-08-14,M
235,Paulo Silva,paulo.silva22@outlook.com,(39) 99808-5729,Rio de Janeiro,RJ,1973-01-09,M
236,Aline Moreira,aline.moreira97@gmail.com,(80) 97010-9880,Recife,PE,1991-02-09,F
237,Aline Ferreira,aline.ferreira5@outlook.com,(94) 95055-5877,Curitiba,PR,1961-12-27,F
238,Leonardo Souza,leonardo.souza22@hotmail.com,(99) 96744-8015,Rio de Janeiro,RJ,1968-12-19,M
239,Pedro Castro,pedro.castro91@yahoo.com,(79) 93758-6302,Belo Horizonte,MG,1989-05-20,M
240,Gabriela Souza,gabriela.souza32@hotmail.com,(46) 93078-3174,Salvador,BA,2003-07-02,F
241,Eduardo Nascimento,eduardo.nascimento58@gmail.com,(91) 97786-7146,Salvador,BA,1991-11-09,M
242,Eduardo Moreira,eduardo.moreira94@gmail.com,(73) 96362-1040,São Paulo,SP,1999-06-15,M
243,Renata Oliveira,renata.oliveira42@yahoo.com,(38) 99105-5399,Manaus,AM,1980-04-14,F
244,Paulo Nascimento,paulo.nascimento16@hotmail.com,(23) 98529-1266,Belo Horizonte,MG,1998-01-02,M
245,Gustavo Ferreira,gustavo.ferreira33@gmail.com,(46) 92529-6905,Salvador,BA,1996-05-06,M
246,Pedro Gomes,pedro.gomes91@gmail.com,(40) 98032-2494,São Paulo,SP,2001-12-25,M
247,Fernanda Lima,fernanda.lima90@yahoo.com,(67) 91152-1132,Brasília,DF,1969-09-22,F
248,Beatriz Nascimento,beatriz.nascimento48@yahoo.com,(24) 92690-6133,Recife,PE,1969-07-03,F
249,Rafael Oliveira,rafael.oliveira45@hotmail.com,(94) 93688-8210,Manaus,AM,1991-01-20,M
250,Gustavo Barbosa,gustavo.barbosa45@outlook.com,(28) 93017-7291,Porto Alegre,RS,1968-02-04,M
251,Felipe Pereira,felipe.pereira85@yahoo.com,(87) 95668-1439,Recife,PE,1970-09-20,M
252,Eduardo Rodrigues,eduardo.rodrigues82@gmail.com,(25) 94949-9185,Fortaleza,CE,1970-08-13,M
253,Rodrigo Martins,rodrigo.martins98@outlook.com,(57) 99951-3830,Salvador,BA,1979-10-14,M
254,Carlos Castro,carlos.castro65@yahoo.com,(16) 91990-7520,Recife,PE,1955-05-07,M
255,Débora Gomes,débora.gomes11@yahoo.com,(89) 93501-5546,Recife,PE,1995-09-18,F
256,Rafael Dias,rafael.dias90@outlook.com,(94) 92083-6081,Belo Horizonte,MG,1980-10-21,M
257,Pedro Alves,pedro.alves86@hotmail.com,(89) 91901-6067,Recife,PE,1982-02-15,M
258,Carlos Costa,carlos.costa17@yahoo.com,(44) 93735-7092,Porto Alegre,RS,1977-09-17,M
259,Carlos Martins,carlos.martins59@yahoo.com,(44) 92262-9128,Curitiba,PR,1972-09-03,M
260,Rodrigo Costa,rodrigo.costa1@gmail.com,(25) 94742-9336,São Paulo,SP,1961-10-22,M
261,Felipe Santos,felipe.santos29@yahoo.com,(33) 91579-7870,Porto Alegre,RS,1978-07-05,M
262,Amanda Oliveira,amanda.oliveira29@gmail.com,(97) 91862-3938,Brasília,DF,1978-02-17,F
263,Leonardo Rodrigues,leonardo.rodrigues26@yahoo.com,(69) 91130-7044,São Paulo,SP,1975-02-18,M
264,Sandra Alves,sandra.alves20@gmail.com,(36) 99954-5016,Porto Alegre,RS,1978-10-16,F
265,Felipe Dias,felipe.dias95@yahoo.com,(53) 91023-7164,Belo Horizonte,MG,1995-12-01,M
266,Gustavo Nascimento,gustavo.nascimento67@outlook.com,(22) 91719-4792,Fortaleza,CE,1964-12-09,M
267,Carolina Oliveira,carolina.oliveira76@gmail.com,(92) 97461-2226,Brasília,DF,1961-09-05,F
268,Felipe Rodrigues,felipe.rodrigues35@hotmail.com,(52) 96211-8417,São Paulo,SP,1975-07-23,M
269,Rafael Castro,rafael.castro53@gmail.com,(68) 98635-6145,Recife,PE,1964-02-06,M
270,Leonardo Rodrigues,leonardo.rodrigues28@yahoo.com,(31) 95984-1660,Porto Alegre,RS,1971-02-03,M
271,Rodrigo Gomes,rodrigo.gomes52@outlook.com,(44) 93848-1509,Manaus,AM,1958-11-10,M
272,Lucas Araújo,lucas.araújo26@outlook.com,(18) 94641-3141,Recife,PE,1963-02-01,M
273,Paulo Castro,paulo.castro12@yahoo.com,(36) 98265-3110,São Paulo,SP,1959-01-03,M
274,Juliana Costa,juliana.costa88@outlook.com,(74) 91483-7270,Brasília,DF,1982-12-13,F
275,Bruno Pereira,bruno.pereira64@outlook.com,(89) 95026-5835,São Paulo,SP,1983-03-02,M
276,Juliana Oliveira,juliana.oliveira81@gmail.com,(36) 99614-5082,São Paulo,SP,1979-03-14,F
277,Letícia Dias,letícia.dias24@gmail.com,(52) 97363-5430,Porto Alegre,RS,1977-10-17,F
278,Carlos Pereira,carlos.pereira13@hotmail.com,(85) 94813-3615,Fortaleza,CE,1985-09-12,M
279,Aline Santos,aline.santos76@yahoo.com,(33) 93885-4875,Rio de Janeiro,RJ,1991-07-12,F
280,Cristina Silva,cristina.silva70@yahoo.com,(83) 94084-9064,Belo Horizonte,MG,1991-10-05,F
281,João Santos,joão.santos43@hotmail.com,(78) 98831-1011,Rio de Janeiro,RJ,1993-04-01,M
282,Mariana Martins,mariana.martins47@gmail.com,(29) 92817-9622,Fortaleza,CE,1956-03-19,F
283,Cristina Souza,cristina.souza84@yahoo.com,(31) 98157-8982,Belo Horizonte,MG,1974-06-05,F
284,Larissa Castro,larissa.castro23@gmail.com,(99) 95825-3086,Salvador,BA,1979-05-24,F
285,Cristina Santos,cristina.santos64@hotmail.com,(89) 94619-2705,Salvador,BA,1993-06-26,F
286,Felipe Carvalho,felipe.carvalho2@yahoo.com,(96) 96500-8317,Belo Horizonte,MG,1965-11-03,M
287,Rodrigo Pereira,rodrigo.pereira22@outlook.com,(60) 98179-7875,Recife,PE,2001-01-02,M
288,Renata Dias,renata.dias58@gmail.com,(84) 94695-3664,Curitiba,PR,1961-08-26,F
289,Marcos Silva,marcos.silva21@gmail.com,(54) 93787-7151,Belo Horizonte,MG,1971-02-03,M
290,Thiago Barbosa,thiago.barbosa21@gmail.com,(66) 93703-8113,Brasília,DF,1985-12-01,M
291,Diego Ribeiro,diego.ribeiro31@gmail.com,(44) 95612-5872,Manaus,AM,2001-12-18,M
292,Beatriz Santos,beatriz.santos13@gmail.com,(48) 98869-4271,Belo Horizonte,MG,1955-07-03,F
293,Fernanda Nascimento,fernanda.nascimento83@outlook.com,(73) 95341-2493,Recife,PE,1974-07-16,F
294,Renata Costa,renata.costa35@gmail.com,(70) 95315-4706,Porto Alegre,RS,1957-05-15,F
295,João Carvalho,joão.carvalho67@outlook.com,(81) 91999-7342,Manaus,AM,1981-10-08,M
296,Cristina Alves,cristina.alves74@hotmail.com,(15) 99226-9467,Porto Alegre,RS,1974-02-13,F
297,Mariana Costa,mariana.costa26@hotmail.com,(65) 92283-8133,Rio de Janeiro,RJ,1967-03-02,F
298,Priscila Oliveira,priscila.oliveira67@outlook.com,(81) 96343-5525,Recife,PE,1979-09-13,F
299,Henrique Castro,henrique.castro14@gmail.com,(30) 93428-2641,Manaus,AM,1981-02-14,M
300,Débora Pereira,débora.pereira23@yahoo.com,(88) 98750-1613,Curitiba,PR,1996-08-19,F
301,Juliana Gomes,juliana.gomes3@yahoo.com,(71) 95400-7102,Belo Horizonte,MG,1999-04-02,F
302,Vanessa Pereira,vanessa.pereira96@outlook.com,(40) 93201-5923,Porto Alegre,RS,1999-11-04,F
303,Amanda Ribeiro,amanda.ribeiro95@outlook.com,(67) 94463-7671,Brasília,DF,1996-02-07,F
304,Juliana Moreira,juliana.moreira68@gmail.com,(75) 97609-3222,Salvador,BA,1959-05-23,F
305,Pedro Alves,pedro.alves60@outlook.com,(36) 95488-7035,Fortaleza,CE,1984-01-12,M
306,Carlos Alves,carlos.alves45@hotmail.com,(33) 98775-6730,Belo Horizonte,MG,1986-10-15,M
307,Fernanda Rodrigues,fernanda.rodrigues83@hotmail.com,(84) 94511-4626,Fortaleza,CE,1979-01-06,F
308,Débora Moreira,débora.moreira29@yahoo.com,(27) 93837-1138,Fortaleza,CE,1998-01-16,F
309,Amanda Ribeiro,amanda.ribeiro87@outlook.com,(38) 98646-5950,Curitiba,PR,1977-08-09,F
310,Daniel Carvalho,daniel.carvalho62@gmail.com,(47) 95890-2771,Manaus,AM,1996-10-20,M
311,Priscila Pereira,priscila.pereira67@hotmail.com,(49) 94086-3456,São Paulo,SP,1996-12-21,F
312,Priscila Lima,priscila.lima50@gmail.com,(44) 97857-7628,Fortaleza,CE,1996-08-10,F
313,Thiago Alves,thiago.alves22@hotmail.com,(56) 99311-5918,Manaus,AM,1995-08-22,M
314,Beatriz Pereira,beatriz.pereira46@hotmail.com,(53) 92463-4641,Manaus,AM,2003-03-22,F
315,Débora Martins,débora.martins7@gmail.com,(70) 92929-8709,Belo Horizonte,MG,1971-10-10,F
316,Daniel Souza,daniel.souza26@yahoo.com,(17) 93470-3250,Curitiba,PR,1988-05-14,M
317,Beatriz Martins,beatriz.martins82@gmail.com,(91) 93897-6134,Salvador,BA,1960-08-11,F
318,Patrícia Costa,patrícia.costa82@outlook.com,(22) 93120-8105,Brasília,DF,2003-03-16,F
319,Tatiana Silva,tatiana.silva97@hotmail.com,(58) 91230-6279,Fortaleza,CE,1989-04-24,F
320,Felipe Alves,felipe.alves22@gmail.com,(60) 99246-6015,Belo Horizonte,MG,1974-03-04,M
321,Vanessa Araújo,vanessa.araújo63@yahoo.com,(66) 93192-6615,Manaus,AM,1993-09-11,F
322,Eduardo Silva,eduardo.silva22@gmail.com,(38) 91359-9267,Rio de Janeiro,RJ,1969-12-05,M
323,Eduardo Pereira,eduardo.pereira7@gmail.com,(17) 92771-1323,Manaus,AM,1994-01-20,M
324,Camila Dias,camila.dias54@gmail.com,(37) 91152-5933,São Paulo,SP,1985-12-05,F
325,Sandra Barbosa,sandra.barbosa15@gmail.com,(90) 92928-5631,Salvador,BA,1981-02-17,F
326,André Moreira,andré.moreira71@outlook.com,(48) 93627-1645,Rio de Janeiro,RJ,1977-12-14,M
327,Priscila Alves,priscila.alves12@gmail.com,(25) 99095-3443,Fortaleza,CE,1955-11-03,F
328,André Alves,andré.alves6@yahoo.com,(17) 92635-3862,Porto Alegre,RS,1973-05-15,M
329,Débora Souza,débora.souza46@outlook.com,(28) 93793-6384,Recife,PE,2003-01-01,F
330,Fernanda Carvalho,fernanda.carvalho50@outlook.com,(62) 98479-5453,Belo Horizonte,MG,1966-02-13,F
331,Lucas Lima,lucas.lima24@outlook.com,(86) 98908-8178,Fortaleza,CE,1965-02-14,M
332,Rafael Nascimento,rafael.nascimento84@yahoo.com,(16) 92037-5286,Porto Alegre,RS,1962-07-15,M
333,Thiago Moreira,thiago.moreira62@yahoo.com,(23) 98091-5072,Manaus,AM,1999-12-20,M
334,Beatriz Dias,beatriz.dias64@hotmail.com,(31) 99283-8688,Brasília,DF,1958-01-21,F
335,Priscila Alves,priscila.alves31@gmail.com,(39) 97203-7607,Belo Horizonte,MG,1972-01-17,F
336,Fernanda Nascimento,fernanda.nascimento52@outlook.com,(94) 91291-2681,Porto Alegre,RS,1975-02-16,F
337,João Barbosa,joão.barbosa44@yahoo.com,(82) 94389-8474,Brasília,DF,1995-05-17,M
338,Leonardo Martins,leonardo.martins15@gmail.com,(95) 96952-8414,Manaus,AM,1994-10-16,M
339,Carlos Martins,carlos.martins6@hotmail.com,(77) 97125-2741,Belo Horizonte,MG,1995-05-18,M
340,Camila Pereira,camila.pereira25@yahoo.com,(61) 94532-8488,Brasília,DF,1967-04-04,F
341,Juliana Castro,juliana.castro64@gmail.com,(86) 99260-3205,Recife,PE,1983-08-22,F
342,Ricardo Ribeiro,ricardo.ribeiro14@outlook.com,(33) 93845-3103,Brasília,DF,1985-09-25,M
343,Gabriela Gomes,gabriela.gomes44@yahoo.com,(42) 95482-7518,Curitiba,PR,1993-12-25,F
344,Rafael Ribeiro,rafael.ribeiro92@hotmail.com,(49) 99975-6143,Brasília,DF,1999-12-17,M
345,Renata Lima,renata.lima98@yahoo.com,(92) 96281-2890,Salvador,BA,1987-09-23,F
346,Aline Rodrigues,aline.rodrigues7@gmail.com,(14) 97240-3381,Curitiba,PR,1955-09-04,F
347,Marcos Pereira,marcos.pereira5@yahoo.com,(48) 94342-9866,Salvador,BA,1958-12-26,M
348,Henrique Dias,henrique.dias90@yahoo.com,(60) 94892-9370,Rio de Janeiro,RJ,2002-11-18,M
349,Eduardo Gomes,eduardo.gomes26@outlook.com,(17) 91212-5117,Curitiba,PR,1998-06-18,M
350,Cristina Dias,cristina.dias88@gmail.com,(48) 98353-3906,Brasília,DF,1967-12-07,F
351,Daniel Souza,daniel.souza21@yahoo.com,(82) 95329-3131,Curitiba,PR,1957-07-09,M
352,Beatriz Santos,beatriz.santos74@yahoo.com,(91) 95934-9037,Salvador,BA,1975-10-02,F
353,Gabriela Alves,gabriela.alves70@outlook.com,(75) 93611-7814,Salvador,BA,1988-02-26,F
354,Diego Martins,diego.martins72@gmail.com,(90) 99691-8780,Belo Horizonte,MG,1978-05-07,M
355,Carolina Alves,carolina.alves15@outlook.com,(98) 96258-7248,Brasília,DF,1994-04-02,F
356,Ana Moreira,ana.moreira84@hotmail.com,(73) 91718-5856,Belo Horizonte,MG,1987-09-15,F
357,Lucas Costa,lucas.costa88@outlook.com,(19) 94453-4492,Manaus,AM,1989-01-21,M
358,Ricardo Ribeiro,ricardo.ribeiro5@gmail.com,(14) 98523-6434,Recife,PE,2002-11-05,M
359,André Dias,andré.dias81@outlook.com,(63) 97357-8391,Recife,PE,1991-04-09,M
360,Eduardo Souza,eduardo.souza90@gmail.com,(90) 92036-1745,Manaus,AM,1955-11-24,M
361,Marcos Rodrigues,marcos.rodrigues85@gmail.com,(67) 97249-7473,Brasília,DF,1960-05-25,M
362,Rafael Gomes,rafael.gomes71@hotmail.com,(49) 97113-1182,Manaus,AM,1973-11-05,M
363,Paulo Barbosa,paulo.barbosa28@outlook.com,(50) 94441-6633,Curitiba,PR,1989-09-03,M
364,Bruno Costa,bruno.costa97@outlook.com,(25) 93971-1891,Rio de Janeiro,RJ,1994-05-07,M
365,Marcos Oliveira,marcos.oliveira46@hotmail.com,(85) 98982-6420,São Paulo,SP,1961-04-24,M
366,Lucas Rodrigues,lucas.rodrigues79@yahoo.com,(73) 98383-6379,Brasília,DF,1959-04-11,M
367,Paulo Castro,paulo.castro29@outlook.com,(11) 96131-5033,Belo Horizonte,MG,1975-07-06,M
368,Beatriz Martins,beatriz.martins23@gmail.com,(50) 98978-2783,Porto Alegre,RS,1984-08-12,F
369,Ricardo Ferreira,ricardo.ferreira81@gmail.com,(20) 91305-9309,São Paulo,SP,2001-11-03,M
370,Cristina Ferreira,cristina.ferreira47@outlook.com,(80) 98734-3435,Fortaleza,CE,1990-05-18,F
371,Beatriz Araújo,beatriz.araújo85@hotmail.com,(57) 99227-1173,Manaus,AM,1987-02-13,F
372,Daniel Lima,daniel.lima46@gmail.com,(83) 93395-8921,Porto Alegre,RS,1965-03-19,M
373,Larissa Oliveira,larissa.oliveira47@outlook.com,(96) 94387-9485,São Paulo,SP,1978-04-02,F
374,Juliana Santos,juliana.santos75@hotmail.com,(92) 95480-5314,Belo Horizonte,MG,1961-12-17,F
375,Renata Castro,renata.castro46@yahoo.com,(39) 99460-7649,Recife,PE,1988-05-13,F
376,Sandra Silva,sandra.silva83@yahoo.com,(40) 92263-9430,Manaus,AM,1963-08-06,F
377,Bruno Carvalho,bruno.carvalho93@gmail.com,(40) 97793-6410,Brasília,DF,2000-02-22,M
378,Letícia Ferreira,letícia.ferreira6@hotmail.com,(63) 91367-4992,Brasília,DF,1965-11-27,F
379,Rafael Moreira,rafael.moreira67@outlook.com,(32) 95231-3949,Fortaleza,CE,1991-03-02,M
380,Marcos Oliveira,marcos.oliveira53@hotmail.com,(72) 93794-4594,Rio de Janeiro,RJ,1983-10-16,M
381,Henrique Moreira,henrique.moreira30@outlook.com,(54) 98429-2127,São Paulo,SP,1965-12-22,M
382,Carlos Ferreira,carlos.ferreira61@gmail.com,(30) 92577-3906,Manaus,AM,1987-11-14,M
383,João Nascimento,joão.nascimento54@yahoo.com,(11) 98069-9553,Salvador,BA,1993-09-27,M
384,Larissa Nascimento,larissa.nascimento18@yahoo.com,(84) 92600-7971,Curitiba,PR,1977-10-26,F
385,João Rodrigues,joão.rodrigues74@gmail.com,(35) 91089-1116,Brasília,DF,1989-07-09,M
386,Patrícia Martins,patrícia.martins69@outlook.com,(65) 95155-5281,Curitiba,PR,1978-02-05,F
387,Tatiana Ferreira,tatiana.ferreira33@yahoo.com,(33) 97065-8925,Curitiba,PR,1990-09-16,F
388,Beatriz Souza,beatriz.souza52@yahoo.com,(23) 94513-9328,Rio de Janeiro,RJ,1983-12-06,F
389,Bruno Gomes,bruno.gomes9@yahoo.com,(87) 98133-2444,Fortaleza,CE,1960-03-16,M
390,Henrique Santos,henrique.santos23@outlook.com,(77) 95693-1941,Curitiba,PR,1980-10-21,M
391,Daniel Rodrigues,daniel.rodrigues87@gmail.com,(77) 94795-3776,Rio de Janeiro,RJ,1957-10-17,M
392,Bruno Oliveira,bruno.oliveira67@gmail.com,(61) 97642-4281,São Paulo,SP,1980-06-22,M
393,João Dias,joão.dias29@hotmail.com,(55) 96693-5530,São Paulo,SP,2001-09-19,M
394,Cristina Silva,cristina.silva38@yahoo.com,(24) 92185-9243,São Paulo,SP,1966-07-17,F
395,Aline Castro,aline.castro97@yahoo.com,(83) 98923-4985,São Paulo,SP,1999-08-13,F
396,Carolina Castro,carolina.castro87@hotmail.com,(19) 97269-4610,Fortaleza,CE,1985-02-09,F
397,Renata Moreira,renata.moreira12@outlook.com,(44) 95067-5706,Manaus,AM,1955-12-27,F
398,Fernanda Dias,fernanda.dias96@hotmail.com,(38) 95408-3994,Salvador,BA,1985-06-12,F
399,Felipe Alves,felipe.alves14@gmail.com,(42) 96833-3555,São Paulo,SP,1968-04-07,M
400,Sandra Silva,sandra.silva74@yahoo.com,(90) 96167-9066,Manaus,AM,1957-08-12,F
50,Rodrigo Alves,rodrigo.alves3@hotmail.com,(14) 95051-4266,Recife,PE,1996-01-25,M
100,Bruno Pereira,bruno.pereira61@outlook.com,(78) 92862-2041,Fortaleza,CE,1963-12-14,M
