id_hospede,nome,email,telefone,cidade_origem,estado,data_nascimento,genero
1,Carlos Pereira,carlos.pereira76@outlook.com,24999352424,Rio de Janeiro,RJ,1969-03-24,M
2,Diego Alves,diego.alves29@outlook.com,36999287873,Manaus,,1993-01-18,M
3,Bruno Ribeiro,bruno.ribeiro49@gmail.com,54926742519,Belo Horizonte,MG,1972-03-07,M
4,Sandra Pereira,sandra.pereira71@yahoo.com,26972012291,Fortaleza,CE,2001-08-18,F
5,Cristina Ferreira,,48923074814,Recife,,1957-11-08,F
6,Mariana Carvalho,mariana.carvalho69@hotmail.com,98921693803,Belo Horizonte,MG,1968-11-09,F
7,Amanda Dias,amanda.dias41@outlook.com,18947521525,Rio de Janeiro,RJ,1998-06-27,M
8,Paulo Martins,paulo.martins34@hotmail.com,11987654321,Rio de Janeiro,RJ,1996-08-13,M
9,Cristina Ribeiro,cristina.ribeiro12@gmail.com,28993489085,Brasília,,1980-06-08,F
10,Bruno Ribeiro,bruno.ribeiro33@gmail.com,87986689669,Brasília,,1959-07-13,M
11,Ricardo Pereira,ricardo.pereira93@yahoo.com,31984331053,,MG,1962-05-14,M
12,Daniel Souza,,36935047126,São Paulo,SP,1995-09-20,M
13,Henrique Martins,henrique.martins31@gmail.com,50949231949,Porto Alegre,,1956-02-12,M
14,Fernanda Dias,fernanda.dias68@outlook.com,81937055342,Salvador,BA,1963-11-16,F
15,Marcos Gomes,marcos.gomes9@yahoo.com,26950614681,Belo Horizonte,RJ,1983-09-15,M
16,Paulo Alves,paulo.alves5@yahoo.com,18947502104,Fortaleza,CE,1959-12-21,M
17,André Nascimento,andré.nascimento61@outlook.com,,Rio de Janeiro,RJ,1989-03-24,M
18,Gustavo Carvalho,gustavo.carvalho52@yahoo.com,17926121993,Curitiba,,1981-08-28,M
19,Felipe Ferreira,felipe.ferreira60@hotmail.com,65940065563,Rio de Janeiro,RJ,1989-08-05,F
20,Leonardo Dias,leonardo.dias22@outlook.com,12925284872,Recife,,,M
21,Eduardo Santos,eduardo.santos55@outlook.com,44984545673,Salvador,BA,1979-01-13,M
22,Patrícia Santos,patrícia.santos75@outlook.com,51919361821,Brasília,,2002-09-02,F
23,Pedro Moreira,,19948537615,Recife,,1966-02-20,M
24,Henrique Oliveira,henrique.oliveira27@yahoo.com,77961835272,Curitiba,,1997-10-19,M
25,Beatriz Rodrigues,beatriz.rodrigues69@hotmail.com,69926382200,Porto Alegre,,1975-02-01,F
26,Rodrigo Oliveira,rodrigo.oliveira79@gmail.com,67999005956,Rio de Janeiro,RJ,1978-05-06,M
27,Camila Lima,camila.lima37@hotmail.com,81935465462,São Paulo,SP,1962-02-24,F
28,André Moreira,andré.moreira6@gmail.com,92979395533,Porto Alegre,,1971-01-03,M
29,André Costa,andré.costa10@hotmail.com,82911582832,Porto Alegre,,1990-12-14,M
30,Cristina Dias,cristina.dias46@hotmail.com,50969741653,Salvador,BA,1982-03-02,F
31,Rodrigo Dias,rodrigo.dias53@gmail.com,,Curitiba,,1994-12-05,M
32,Débora Alves,débora.alves29@hotmail.com,59916348711,São Paulo,SP,1965-12-04,F
33,Renata Rodrigues,renata.rodrigues36@gmail.com,35975286378,Rio de Janeiro,RJ,1969-01-22,
34,Renata Moreira,renata.moreira23@yahoo.com,14928895279,Curitiba,,1998-09-11,F
35,Renata Martins,renata.martins6@outlook.com,60941145173,Curitiba,,1993-09-04,F
36,Rodrigo Ribeiro,rodrigo.ribeiro65@yahoo.com,51930415920,Recife,,1997-06-20,M
37,Tatiana Rodrigues,tatiana.rodrigues79@yahoo.com,96972113851,Manaus,,1963-04-14,F
38,Marcos Rodrigues,marcos.rodrigues57@outlook.com,94962798618,Rio de Janeiro,,1982-10-20,M
39,Mariana Oliveira,mariana.oliveira97@hotmail.com,90964912530,São Paulo,SP,1987-11-21,F
40,Diego Lima,diego.lima54@hotmail.com,89921938461,Fortaleza,CE,1957-04-16,M
41,Letícia Gomes,letícia.gomes29@hotmail.com,11927467965,Rio de Janeiro,RJ,1964-11-23,F
42,Juliana Dias,juliana.dias97@outlook.com,70997026198,Rio de Janeiro,RJ,1962-08-05,F
43,Aline Araújo,aline.araújo99@outlook.com,44950505543,Salvador,BA,2002-08-15,F
44,Carolina Oliveira,carolina.oliveira18@hotmail.com,51998492320,São Paulo,SP,1970-05-11,F
45,Diego Oliveira,diego.oliveira27@outlook.com,70978122020,Curitiba,,1981-06-18,M
46,Paulo Gomes,paulo.gomes96@hotmail.com,60978659818,Porto Alegre,,1955-06-10,M
47,Débora Nascimento,débora.nascimento60@hotmail.com,97976243704,Fortaleza,CE,1979-06-22,F
48,Eduardo Castro,eduardo.castro60@hotmail.com,93980223223,Brasília,,1997-01-03,M
49,Priscila Ferreira,priscila.ferreira33@gmail.com,59955587906,Porto Alegre,,1975-06-25,F
50,Rodrigo Alves,rodrigo.alves3@hotmail.com,14950514266,Recife,,1996-01-25,M
51,Camila Castro,camila.castro21@yahoo.com,58937492876,Rio de Janeiro,RJ,1984-12-09,F
52,Marcos Castro,marcos.castro90@yahoo.com,20949782669,Curitiba,,1980-12-07,M
53,Paulo Santos,paulo.santos83@yahoo.com,58921299289,Belo Horizonte,MG,1989-07-22,M
54,Letícia Souza,letícia.souza23@yahoo.com,69935068135,Curitiba,,1978-11-27,F
55,Carolina Ribeiro,carolina.ribeiro58@hotmail.com,42924195569,Brasília,,,F
56,Priscila Silva,priscila.silva44@yahoo.com,38968135232,Porto Alegre,,1975-03-16,F
57,Aline Silva,aline.silva89@outlook.com,63990044937,Manaus,,1967-02-08,F
58,Carolina Silva,carolina.silva85@yahoo.com,99949866016,Recife,,1973-04-13,F
59,Débora Dias,débora.dias30@gmail.com,45960235118,Belo Horizonte,MG,1977-12-15,F
60,Camila Dias,camila.dias77@yahoo.com,72955309595,Salvador,BA,,F
61,Marcos Alves,marcos.alves6@gmail.com,79930735494,Belo Horizonte,MG,1966-05-01,M
62,Mateus Souza,mateus.souza24@gmail.com,72982166582,Fortaleza,CE,1991-05-16,M
63,Camila Oliveira,camila.oliveira20@yahoo.com,91918783485,Curitiba,,1986-02-19,F
64,Lucas Dias,lucas.dias49@outlook.com,90946979561,Curitiba,,1993-10-26,M
65,Cristina Ribeiro,cristina.ribeiro81@hotmail.com,89926254404,São Paulo,SP,1991-10-02,F
66,Bruno Alves,bruno.alves89@outlook.com,11976938381,Salvador,BA,1990-02-06,M
67,Marcos Rodrigues,marcos.rodrigues15@hotmail.com,44942417965,Porto Alegre,,1959-11-08,M
68,Beatriz Oliveira,beatriz.oliveira16@outlook.com,83957288195,Fortaleza,CE,1965-05-20,F
69,Amanda Moreira,amanda.moreira95@yahoo.com,87916538078,Manaus,,1986-08-03,F
70,João Alves,joão.alves98@hotmail.com,97954151659,Brasília,,1992-01-25,M
71,Amanda Costa,amanda.costa45@outlook.com,73924948700,Brasília,,1982-11-27,F
72,Bruno Martins,bruno.martins59@gmail.com,95975611601,Curitiba,,1999-08-10,M
73,Camila Gomes,camila.gomes7@hotmail.com,80985697770,Manaus,,1955-11-28,F
74,Carolina Santos,carolina.santos16@gmail.com,47981788941,Rio de Janeiro,RJ,1972-09-05,F
75,Bruno Rodrigues,bruno.rodrigues60@gmail.com,22946812858,Manaus,,1955-09-14,M
76,Mateus Rodrigues,mateus.rodrigues59@hotmail.com,72987364993,Manaus,,2000-05-14,M
77,João Pereira,joão.pereira76@outlook.com,11956345891,Curitiba,,1976-09-09,M
78,Aline Nascimento,aline.nascimento42@hotmail.com,80971808460,Belo Horizonte,MG,1976-09-25,F
79,Paulo Gomes,paulo.gomes85@hotmail.com,71972467325,Rio de Janeiro,RJ,1981-01-11,M
80,Rafael Moreira,rafael.moreira59@gmail.com,67926339617,Brasília,,1976-02-28,M
81,Beatriz Oliveira,beatriz.oliveira43@outlook.com,99975122315,Porto Alegre,,1971-06-20,F
82,Aline Santos,aline.santos96@gmail.com,98957084727,Brasília,,1959-04-21,F
83,Lucas Araújo,lucas.araújo38@yahoo.com,16963141919,Salvador,BA,1999-05-01,M
84,Felipe Moreira,felipe.moreira11@outlook.com,34937853868,Curitiba,,1991-11-26,M
85,Mateus Castro,mateus.castro86@gmail.com,43985295183,Salvador,BA,1969-08-21,M
86,Vanessa Dias,vanessa.dias89@yahoo.com,86959017951,Salvador,BA,1959-08-12,F
87,Patrícia Gomes,patrícia.gomes90@yahoo.com,84968815847,Porto Alegre,,1961-04-13,F
88,Amanda Silva,amanda.silva30@yahoo.com,88991385689,Brasília,,1998-12-02,F
89,Henrique Pereira,henrique.pereira57@gmail.com,93916456061,Salvador,BA,1995-02-21,M
90,João Rodrigues,joão.rodrigues47@yahoo.com,36931659837,Belo Horizonte,MG,2002-07-06,M
91,Letícia Rodrigues,letícia.rodrigues72@yahoo.com,29946967511,Belo Horizonte,MG,1962-08-03,F
92,Ana Pereira,ana.pereira82@yahoo.com,97952957242,Manaus,,1962-08-12,F
93,Mateus Silva,mateus.silva90@yahoo.com,39920358606,Brasília,,1990-06-20,M
94,Rafael Santos,rafael.santos18@outlook.com,23948469807,Fortaleza,CE,1974-08-04,M
95,Cristina Lima,cristina.lima5@yahoo.com,73976865583,Curitiba,,1996-02-27,F
96,Larissa Carvalho,larissa.carvalho51@yahoo.com,93968761992,Recife,,1998-06-18,F
97,Leonardo Oliveira,leonardo.oliveira32@hotmail.com,13918286464,Rio de Janeiro,RJ,1996-11-20,M
98,João Dias,joão.dias77@gmail.com,40963833417,Rio de Janeiro,RJ,1992-04-27,M
99,Rafael Dias,rafael.dias46@hotmail.com,14931591243,São Paulo,SP,1966-02-22,M
100,Bruno Pereira,bruno.pereira61@outlook.com,78928622041,Fortaleza,CE,1963-12-14,M
101,Leonardo Moreira,leonardo.moreira59@gmail.com,95995435941,Rio de Janeiro,RJ,1994-01-24,M
102,Tatiana Ribeiro,tatiana.ribeiro78@hotmail.com,20923236277,Recife,,1986-12-15,F
103,Sandra Castro,sandra.castro59@outlook.com,87996925831,Manaus,,2000-06-13,F
104,Ricardo Ferreira,ricardo.ferreira54@gmail.com,54984307532,Curitiba,,1983-04-14,M
105,Amanda Carvalho,amanda.carvalho56@gmail.com,22923982527,Salvador,BA,1998-08-03,F
106,Beatriz Dias,beatriz.dias46@outlook.com,53930027730,Fortaleza,CE,1992-09-18,F
107,Marcos Barbosa,marcos.barbosa85@outlook.com,75944853535,São Paulo,SP,1977-02-19,M
108,Rodrigo Dias,rodrigo.dias78@yahoo.com,39980301430,Belo Horizonte,MG,1962-05-19,M
109,Vanessa Martins,vanessa.martins19@gmail.com,29975662140,Belo Horizonte,MG,1955-03-28,F
110,Eduardo Ribeiro,eduardo.ribeiro7@hotmail.com,50963142391,Porto Alegre,,1976-03-12,M
111,João Pereira,joão.pereira35@hotmail.com,88982427785,Porto Alegre,,1997-07-16,M
112,Rodrigo Ribeiro,rodrigo.ribeiro86@yahoo.com,86989729633,Recife,,1973-11-22,M
113,Sandra Santos,sandra.santos42@gmail.com,28951865742,Fortaleza,CE,1968-05-07,F
114,Mariana Lima,mariana.lima51@gmail.com,75968022180,Curitiba,,1989-12-08,F
115,Fernanda Martins,fernanda.martins15@outlook.com,92978435743,Brasília,,1982-10-13,F
116,Mariana Barbosa,mariana.barbosa56@outlook.com,66927344986,Porto Alegre,,1999-06-03,F
117,Vanessa Martins,vanessa.martins66@hotmail.com,76928689693,Rio de Janeiro,RJ,1976-03-03,F
118,Renata Lima,renata.lima98@gmail.com,36938423504,Rio de Janeiro,RJ,1961-03-09,F
119,Carolina Castro,carolina.castro20@outlook.com,93962956179,Brasília,,1983-11-19,F
120,Vanessa Pereira,vanessa.pereira58@gmail.com,20960858565,Brasília,,1958-06-17,F
121,Fernanda Oliveira,fernanda.oliveira74@hotmail.com,70916728368,Brasília,,1993-09-13,F
122,Gabriela Lima,gabriela.lima83@hotmail.com,54923819266,Fortaleza,CE,1983-02-26,F
123,Carolina Moreira,carolina.moreira53@yahoo.com,58956347347,Manaus,,1994-03-12,F
124,Thiago Oliveira,thiago.oliveira93@hotmail.com,60956555128,Belo Horizonte,MG,1961-09-22,M
125,Rodrigo Rodrigues,rodrigo.rodrigues83@yahoo.com,21960727171,Curitiba,,1963-10-23,M
126,Gustavo Moreira,gustavo.moreira99@outlook.com,34945096598,Belo Horizonte,MG,1956-06-10,M
127,Rafael Oliveira,rafael.oliveira85@yahoo.com,80996261618,São Paulo,SP,1961-09-25,M
128,Henrique Gomes,henrique.gomes6@outlook.com,99937128170,Salvador,BA,1965-03-27,M
129,Leonardo Barbosa,leonardo.barbosa31@yahoo.com,68948339749,São Paulo,SP,2003-12-26,M
130,Patrícia Carvalho,patrícia.carvalho68@outlook.com,47972569239,Brasília,,1983-08-25,F
131,Henrique Lima,henrique.lima16@yahoo.com,58926809452,São Paulo,SP,1958-11-16,M
132,André Araújo,andré.araújo4@outlook.com,39983916727,Manaus,,1964-07-03,M
133,Larissa Gomes,larissa.gomes19@hotmail.com,51926236493,Recife,,1978-04-01,F
134,Beatriz Nascimento,beatriz.nascimento20@outlook.com,13951934533,Porto Alegre,,1994-01-03,F
135,Larissa Rodrigues,larissa.rodrigues15@outlook.com,92984892029,Recife,,1958-04-14,F
136,Daniel Castro,daniel.castro31@outlook.com,65910256780,Rio de Janeiro,RJ,2000-03-10,M
137,Daniel Carvalho,daniel.carvalho61@gmail.com,75913337397,Recife,,1988-09-17,M
138,Amanda Silva,amanda.silva18@gmail.com,95926986447,Belo Horizonte,MG,1959-06-08,F
139,Mariana Araújo,mariana.araújo5@yahoo.com,28920338498,Porto Alegre,,1995-03-26,F
140,Pedro Martins,pedro.martins5@hotmail.com,80987565150,São Paulo,SP,1987-07-27,M
141,Thiago Pereira,thiago.pereira24@outlook.com,67973346554,Recife,,1978-07-13,M
142,Gabriela Pereira,gabriela.pereira38@yahoo.com,66939569937,Recife,,2001-07-03,F
143,Vanessa Rodrigues,vanessa.rodrigues58@gmail.com,32982726759,Porto Alegre,,1993-12-14,F
144,Sandra Ribeiro,sandra.ribeiro66@hotmail.com,96976556952,São Paulo,SP,1995-01-03,F
145,Henrique Araújo,henrique.araújo50@gmail.com,93970016933,Fortaleza,CE,1963-02-08,M
146,Renata Carvalho,renata.carvalho51@yahoo.com,28996747012,Porto Alegre,,2003-02-19,F
147,Lucas Silva,lucas.silva34@outlook.com,82929295288,Salvador,BA,1986-09-13,M
148,Letícia Ferreira,letícia.ferreira88@yahoo.com,33982922438,Recife,,1963-02-15,F
149,Ricardo Dias,ricardo.dias66@hotmail.com,92938526922,São Paulo,SP,1974-03-23,M
150,Rafael Alves,rafael.alves71@hotmail.com,84970448657,Porto Alegre,,1956-06-18,M
151,João Rodrigues,joão.rodrigues74@gmail.com,78977307708,Curitiba,,2000-12-16,M
152,Fernanda Araújo,fernanda.araújo56@gmail.com,27939813114,Porto Alegre,,1998-09-12,F
153,Marcos Costa,marcos.costa11@yahoo.com,55995015653,Salvador,BA,1975-12-08,M
154,Beatriz Rodrigues,beatriz.rodrigues22@yahoo.com,93937623526,Brasília,,1989-02-17,F
155,Carlos Oliveira,carlos.oliveira80@gmail.com,94944537825,Fortaleza,CE,1996-10-09,M
156,Vanessa Nascimento,vanessa.nascimento21@outlook.com,69921951981,Rio de Janeiro,RJ,1998-07-10,F
157,Patrícia Martins,patrícia.martins17@yahoo.com,51966587532,Brasília,,1964-06-28,F
158,Thiago Alves,thiago.alves7@yahoo.com,42933082586,Porto Alegre,,1962-05-15,M
159,Larissa Costa,larissa.costa66@outlook.com,35936109163,Belo Horizonte,MG,1991-12-11,F
160,Letícia Silva,letícia.silva7@gmail.com,41945246781,Recife,,1980-09-15,F
161,Vanessa Dias,vanessa.dias47@gmail.com,44969927606,Fortaleza,CE,1961-07-05,F
162,Rodrigo Dias,rodrigo.dias17@gmail.com,68955822946,São Paulo,SP,1959-07-17,M
163,Aline Carvalho,aline.carvalho6@gmail.com,62991931659,Salvador,BA,1967-10-17,F
164,Letícia Moreira,letícia.moreira21@outlook.com,28963736218,Porto Alegre,,1964-10-17,F
165,Cristina Martins,cristina.martins3@yahoo.com,83959118780,Manaus,,1987-09-16,F
166,Gustavo Castro,gustavo.castro84@hotmail.com,14987755350,São Paulo,SP,2001-12-21,M
167,Mariana Moreira,mariana.moreira74@gmail.com,98949681517,Brasília,,1979-03-27,F
168,Priscila Ribeiro,priscila.ribeiro95@gmail.com,63992218726,Salvador,BA,1981-12-07,F
169,Ricardo Martins,ricardo.martins44@yahoo.com,33985319734,Porto Alegre,,1988-07-11,M
170,Sandra Nascimento,sandra.nascimento99@yahoo.com,49946845876,Rio de Janeiro,RJ,1970-05-18,F
171,Priscila Nascimento,priscila.nascimento49@outlook.com,47929969899,Belo Horizonte,MG,1990-12-09,F
172,Marcos Santos,marcos.santos28@hotmail.com,67952018849,São Paulo,SP,2000-02-12,M
173,Aline Pereira,aline.pereira7@hotmail.com,86949204972,Salvador,BA,1961-10-24,F
174,Lucas Ribeiro,lucas.ribeiro71@hotmail.com,98932521084,Belo Horizonte,MG,2000-08-04,M
175,Letícia Ferreira,letícia.ferreira69@gmail.com,18924654804,São Paulo,SP,1975-05-21,F
176,Gustavo Costa,gustavo.costa39@gmail.com,48916131151,Fortaleza,CE,1980-08-06,M
177,Vanessa Araújo,vanessa.araújo25@gmail.com,75986685470,Manaus,,1988-08-05,F
178,Amanda Costa,amanda.costa79@outlook.com,48941643875,Fortaleza,CE,2002-06-26,F
179,Fernanda Gomes,fernanda.gomes34@outlook.com,52950641111,Recife,,1966-03-16,F
180,Priscila Rodrigues,priscila.rodrigues8@gmail.com,44968904871,Brasília,,2001-10-01,F
181,Eduardo Moreira,eduardo.moreira29@hotmail.com,48970214618,São Paulo,SP,1999-02-21,M
182,Sandra Carvalho,sandra.carvalho88@gmail.com,79945785054,Curitiba,,1999-09-16,F
183,Fernanda Castro,fernanda.castro22@yahoo.com,36997923455,Recife,,1958-09-17,F
184,Camila Ferreira,camila.ferreira17@outlook.com,68919118429,Brasília,,1986-02-17,F
185,Ricardo Araújo,ricardo.araújo75@gmail.com,43910494570,São Paulo,SP,2001-01-13,M
186,Fernanda Dias,fernanda.dias99@hotmail.com,47976983948,Fortaleza,CE,1959-08-02,F
187,Renata Gomes,renata.gomes84@yahoo.com,98998353178,Porto Alegre,,1979-07-03,F
188,Gabriela Lima,gabriela.lima69@outlook.com,70999207948,Rio de Janeiro,RJ,1955-01-10,F
189,Leonardo Carvalho,leonardo.carvalho79@gmail.com,25915277868,Salvador,BA,1972-04-24,M
190,Lucas Barbosa,lucas.barbosa52@outlook.com,17950091724,Fortaleza,CE,1983-10-22,M
191,Pedro Lima,pedro.lima31@yahoo.com,84962246253,Manaus,,1973-04-27,M
192,Gustavo Rodrigues,gustavo.rodrigues7@yahoo.com,33979999120,São Paulo,SP,1958-09-19,M
193,Gabriela Martins,gabriela.martins61@hotmail.com,59940129813,Curitiba,,1981-03-10,F
194,Beatriz Araújo,beatriz.araújo50@hotmail.com,82996833196,Fortaleza,CE,1990-07-14,F
195,Fernanda Araújo,fernanda.araújo49@gmail.com,35918445398,Belo Horizonte,MG,1960-09-24,F
196,Paulo Dias,paulo.dias28@hotmail.com,53959671251,Rio de Janeiro,RJ,1985-04-28,M
197,Mateus Alves,mateus.alves49@outlook.com,41962695637,Brasília,,2000-04-13,M
198,Vanessa Pereira,vanessa.pereira27@yahoo.com,23986926246,Belo Horizonte,MG,1987-08-15,F
199,Paulo Alves,paulo.alves20@hotmail.com,85978415836,Salvador,BA,1956-05-18,M
200,Cristina Alves,cristina.alves93@outlook.com,54952169005,Porto Alegre,,1990-11-22,F
201,Mariana Lima,mariana.lima5@gmail.com,93919629584,Manaus,,1986-03-18,F
202,Carlos Ribeiro,carlos.ribeiro65@outlook.com,30911494583,Salvador,BA,1995-04-03,M
203,Letícia Silva,letícia.silva93@yahoo.com,12912749673,Fortaleza,CE,1989-09-14,F
204,Ana Moreira,ana.moreira25@yahoo.com,78934394948,Curitiba,,1966-02-04,F
205,Tatiana Oliveira,tatiana.oliveira88@gmail.com,42947005914,Belo Horizonte,MG,1980-08-19,F
206,João Gomes,joão.gomes11@outlook.com,18911543807,Curitiba,,1979-09-16,M
207,Cristina Souza,cristina.souza6@gmail.com,99987905441,Manaus,,1957-04-07,F
208,Aline Castro,aline.castro10@yahoo.com,37933627525,Fortaleza,CE,1966-06-01,F
209,Paulo Gomes,paulo.gomes96@yahoo.com,28922849204,Manaus,,1976-07-25,M
210,Larissa Oliveira,larissa.oliveira82@yahoo.com,61963471485,Belo Horizonte,MG,1993-10-20,F
211,Letícia Alves,letícia.alves99@yahoo.com,34972272404,Belo Horizonte,MG,1990-07-14,F
212,João Pereira,joão.pereira41@yahoo.com,92935277383,Salvador,BA,1979-12-26,M
213,Marcos Araújo,marcos.araújo56@outlook.com,27924304070,Belo Horizonte,MG,2003-05-04,M
214,Camila Silva,camila.silva2@yahoo.com,87963157311,Recife,,1977-09-03,F
215,Ricardo Alves,ricardo.alves35@yahoo.com,59937773274,Brasília,,1988-03-22,M
216,João Costa,joão.costa33@hotmail.com,72922606916,Curitiba,,1972-07-10,M
217,Sandra Barbosa,sandra.barbosa43@outlook.com,49911107483,Rio de Janeiro,RJ,1984-02-05,F
218,Carolina Martins,carolina.martins62@yahoo.com,49962534290,Curitiba,,1996-10-05,F
219,Priscila Rodrigues,priscila.rodrigues47@gmail.com,59955927437,Porto Alegre,,1991-04-11,F
220,Paulo Dias,paulo.dias38@gmail.com,70944348183,Salvador,BA,1998-09-01,M
221,Letícia Lima,letícia.lima10@outlook.com,30979327176,São Paulo,SP,1970-05-22,F
222,Cristina Gomes,cristina.gomes90@gmail.com,80916026890,Manaus,,1987-12-14,F
223,Rodrigo Costa,rodrigo.costa56@gmail.com,97975476432,Brasília,,1957-10-21,M
224,Larissa Moreira,larissa.moreira48@outlook.com,84946218303,Manaus,,1990-10-23,F
225,Rodrigo Silva,rodrigo.silva45@yahoo.com,21929013321,Porto Alegre,,1961-05-14,M
226,Daniel Nascimento,daniel.nascimento39@gmail.com,68962252100,Belo Horizonte,MG,1985-02-15,M
227,Carlos Martins,carlos.martins71@hotmail.com,42994543858,Recife,,1998-03-24,M
228,Carolina Alves,carolina.alves4@hotmail.com,92980807481,Curitiba,,1995-03-06,F
229,Tatiana Silva,tatiana.silva24@yahoo.com,19926679796,Rio de Janeiro,RJ,1968-05-25,F
230,Camila Pereira,camila.pereira76@gmail.com,87973677431,Porto Alegre,,1988-11-11,F
231,Sandra Costa,sandra.costa16@hotmail.com,97931946131,São Paulo,SP,1994-10-03,F
232,Rodrigo Lima,rodrigo.lima24@outlook.com,28972867931,Manaus,,1979-07-20,M
233,Ricardo Costa,ricardo.costa46@gmail.com,51983891878,Porto Alegre,,1973-03-06,M
234,Eduardo Dias,eduardo.dias91@outlook.com,98990567809,Manaus,,1996-08-14,M
235,Paulo Silva,paulo.silva22@outlook.com,39998085729,Rio de Janeiro,RJ,1973-01-09,M
236,Aline Moreira,aline.moreira97@gmail.com,80970109880,Recife,,1991-02-09,F
237,Aline Ferreira,aline.ferreira5@outlook.com,94950555877,Curitiba,,1961-12-27,F
238,Leonardo Souza,leonardo.souza22@hotmail.com,99967448015,Rio de Janeiro,RJ,1968-12-19,M
239,Pedro Castro,pedro.castro91@yahoo.com,79937586302,Belo Horizonte,MG,1989-05-20,M
240,Gabriela Souza,gabriela.souza32@hotmail.com,46930783174,Salvador,BA,2003-07-02,F
241,Eduardo Nascimento,eduardo.nascimento58@gmail.com,91977867146,Salvador,BA,1991-11-09,M
242,Eduardo Moreira,eduardo.moreira94@gmail.com,73963621040,São Paulo,SP,1999-06-15,M
243,Renata Oliveira,renata.oliveira42@yahoo.com,38991055399,Manaus,,1980-04-14,F
244,Paulo Nascimento,paulo.nascimento16@hotmail.com,23985291266,Belo Horizonte,MG,1998-01-02,M
245,Gustavo Ferreira,gustavo.ferreira33@gmail.com,46925296905,Salvador,BA,1996-05-06,M
246,Pedro Gomes,pedro.gomes91@gmail.com,40980322494,São Paulo,SP,2001-12-25,M
247,Fernanda Lima,fernanda.lima90@yahoo.com,67911521132,Brasília,,1969-09-22,F
248,Beatriz Nascimento,beatriz.nascimento48@yahoo.com,24926906133,Recife,,1969-07-03,F
249,Rafael Oliveira,rafael.oliveira45@hotmail.com,94936888210,Manaus,,1991-01-20,M
250,Gustavo Barbosa,gustavo.barbosa45@outlook.com,28930177291,Porto Alegre,,1968-02-04,M
251,Felipe Pereira,felipe.pereira85@yahoo.com,87956681439,Recife,,1970-09-20,M
252,Eduardo Rodrigues,eduardo.rodrigues82@gmail.com,25949499185,Fortaleza,CE,1970-08-13,M
253,Rodrigo Martins,rodrigo.martins98@outlook.com,57999513830,Salvador,BA,1979-10-14,M
254,Carlos Castro,carlos.castro65@yahoo.com,16919907520,Recife,,1955-05-07,M
255,Débora Gomes,débora.gomes11@yahoo.com,89935015546,Recife,,1995-09-18,F
256,Rafael Dias,rafael.dias90@outlook.com,94920836081,Belo Horizonte,MG,1980-10-21,M
257,Pedro Alves,pedro.alves86@hotmail.com,89919016067,Recife,,1982-02-15,M
258,Carlos Costa,carlos.costa17@yahoo.com,44937357092,Porto Alegre,,1977-09-17,M
259,Carlos Martins,carlos.martins59@yahoo.com,44922629128,Curitiba,,1972-09-03,M
260,Rodrigo Costa,rodrigo.costa1@gmail.com,25947429336,São Paulo,SP,1961-10-22,M
261,Felipe Santos,felipe.santos29@yahoo.com,33915797870,Porto Alegre,,1978-07-05,M
262,Amanda Oliveira,amanda.oliveira29@gmail.com,97918623938,Brasília,,1978-02-17,F
263,Leonardo Rodrigues,leonardo.rodrigues26@yahoo.com,69911307044,São Paulo,SP,1975-02-18,M
264,Sandra Alves,sandra.alves20@gmail.com,36999545016,Porto Alegre,,1978-10-16,F
265,Felipe Dias,felipe.dias95@yahoo.com,53910237164,Belo Horizonte,MG,1995-12-01,M
266,Gustavo Nascimento,gustavo.nascimento67@outlook.com,22917194792,Fortaleza,CE,1964-12-09,M
267,Carolina Oliveira,carolina.oliveira76@gmail.com,92974612226,Brasília,,1961-09-05,F
268,Felipe Rodrigues,felipe.rodrigues35@hotmail.com,52962118417,São Paulo,SP,1975-07-23,M
269,Rafael Castro,rafael.castro53@gmail.com,68986356145,Recife,,1964-02-06,M
270,Leonardo Rodrigues,leonardo.rodrigues28@yahoo.com,31959841660,Porto Alegre,,1971-02-03,M
271,Rodrigo Gomes,rodrigo.gomes52@outlook.com,44938481509,Manaus,,1958-11-10,M
272,Lucas Araújo,lucas.araújo26@outlook.com,18946413141,Recife,,1963-02-01,M
273,Paulo Castro,paulo.castro12@yahoo.com,36982653110,São Paulo,SP,1959-01-03,M
274,Juliana Costa,juliana.costa88@outlook.com,74914837270,Brasília,,1982-12-13,F
275,Bruno Pereira,bruno.pereira64@outlook.com,89950265835,São Paulo,SP,1983-03-02,M
276,Juliana Oliveira,juliana.oliveira81@gmail.com,36996145082,São Paulo,SP,1979-03-14,F
277,Letícia Dias,letícia.dias24@gmail.com,52973635430,Porto Alegre,,1977-10-17,F
278,Carlos Pereira,carlos.pereira13@hotmail.com,85948133615,Fortaleza,CE,1985-09-12,M
279,Aline Santos,aline.santos76@yahoo.com,33938854875,Rio de Janeiro,RJ,1991-07-12,F
280,Cristina Silva,cristina.silva70@yahoo.com,83940849064,Belo Horizonte,MG,1991-10-05,F
281,João Santos,joão.santos43@hotmail.com,78988311011,Rio de Janeiro,RJ,1993-04-01,M
282,Mariana Martins,mariana.martins47@gmail.com,29928179622,Fortaleza,CE,1956-03-19,F
283,Cristina Souza,cristina.souza84@yahoo.com,31981578982,Belo Horizonte,MG,1974-06-05,F
284,Larissa Castro,larissa.castro23@gmail.com,99958253086,Salvador,BA,1979-05-24,F
285,Cristina Santos,cristina.santos64@hotmail.com,89946192705,Salvador,BA,1993-06-26,F
286,Felipe Carvalho,felipe.carvalho2@yahoo.com,96965008317,Belo Horizonte,MG,1965-11-03,M
287,Rodrigo Pereira,rodrigo.pereira22@outlook.com,60981797875,Recife,,2001-01-02,M
288,Renata Dias,renata.dias58@gmail.com,84946953664,Curitiba,,1961-08-26,F
289,Marcos Silva,marcos.silva21@gmail.com,54937877151,Belo Horizonte,MG,1971-02-03,M
290,Thiago Barbosa,thiago.barbosa21@gmail.com,66937038113,Brasília,,1985-12-01,M
291,Diego Ribeiro,diego.ribeiro31@gmail.com,44956125872,Manaus,,2001-12-18,M
292,Beatriz Santos,beatriz.santos13@gmail.com,48988694271,Belo Horizonte,MG,1955-07-03,F
293,Fernanda Nascimento,fernanda.nascimento83@outlook.com,73953412493,Recife,,1974-07-16,F
294,Renata Costa,renata.costa35@gmail.com,70953154706,Porto Alegre,,1957-05-15,F
295,João Carvalho,joão.carvalho67@outlook.com,81919997342,Manaus,,1981-10-08,M
296,Cristina Alves,cristina.alves74@hotmail.com,15992269467,Porto Alegre,,1974-02-13,F
297,Mariana Costa,mariana.costa26@hotmail.com,65922838133,Rio de Janeiro,RJ,1967-03-02,F
298,Priscila Oliveira,priscila.oliveira67@outlook.com,81963435525,Recife,,1979-09-13,F
299,Henrique Castro,henrique.castro14@gmail.com,30934282641,Manaus,,1981-02-14,M
300,Débora Pereira,débora.pereira23@yahoo.com,88987501613,Curitiba,,1996-08-19,F
301,Juliana Gomes,juliana.gomes3@yahoo.com,71954007102,Belo Horizonte,MG,1999-04-02,F
302,Vanessa Pereira,vanessa.pereira96@outlook.com,40932015923,Porto Alegre,,1999-11-04,F
303,Amanda Ribeiro,amanda.ribeiro95@outlook.com,67944637671,Brasília,,1996-02-07,F
304,Juliana Moreira,juliana.moreira68@gmail.com,75976093222,Salvador,BA,1959-05-23,F
305,Pedro Alves,pedro.alves60@outlook.com,36954887035,Fortaleza,CE,1984-01-12,M
306,Carlos Alves,carlos.alves45@hotmail.com,33987756730,Belo Horizonte,MG,1986-10-15,M
307,Fernanda Rodrigues,fernanda.rodrigues83@hotmail.com,84945114626,Fortaleza,CE,1979-01-06,F
308,Débora Moreira,débora.moreira29@yahoo.com,27938371138,Fortaleza,CE,1998-01-16,F
309,Amanda Ribeiro,amanda.ribeiro87@outlook.com,38986465950,Curitiba,,1977-08-09,F
310,Daniel Carvalho,daniel.carvalho62@gmail.com,47958902771,Manaus,,1996-10-20,M
311,Priscila Pereira,priscila.pereira67@hotmail.com,49940863456,São Paulo,SP,1996-12-21,F
312,Priscila Lima,priscila.lima50@gmail.com,44978577628,Fortaleza,CE,1996-08-10,F
313,Thiago Alves,thiago.alves22@hotmail.com,56993115918,Manaus,,1995-08-22,M
314,Beatriz Pereira,beatriz.pereira46@hotmail.com,53924634641,Manaus,,2003-03-22,F
315,Débora Martins,débora.martins7@gmail.com,70929298709,Belo Horizonte,MG,1971-10-10,F
316,Daniel Souza,daniel.souza26@yahoo.com,17934703250,Curitiba,,1988-05-14,M
317,Beatriz Martins,beatriz.martins82@gmail.com,91938976134,Salvador,BA,1960-08-11,F
318,Patrícia Costa,patrícia.costa82@outlook.com,22931208105,Brasília,,2003-03-16,F
319,Tatiana Silva,tatiana.silva97@hotmail.com,58912306279,Fortaleza,CE,1989-04-24,F
320,Felipe Alves,felipe.alves22@gmail.com,60992466015,Belo Horizonte,MG,1974-03-04,M
321,Vanessa Araújo,vanessa.araújo63@yahoo.com,66931926615,Manaus,,1993-09-11,F
322,Eduardo Silva,eduardo.silva22@gmail.com,38913599267,Rio de Janeiro,RJ,1969-12-05,M
323,Eduardo Pereira,eduardo.pereira7@gmail.com,17927711323,Manaus,,1994-01-20,M
324,Camila Dias,camila.dias54@gmail.com,37911525933,São Paulo,SP,1985-12-05,F
325,Sandra Barbosa,sandra.barbosa15@gmail.com,90929285631,Salvador,BA,1981-02-17,F
326,André Moreira,andré.moreira71@outlook.com,48936271645,Rio de Janeiro,RJ,1977-12-14,M
327,Priscila Alves,priscila.alves12@gmail.com,25990953443,Fortaleza,CE,1955-11-03,F
328,André Alves,andré.alves6@yahoo.com,17926353862,Porto Alegre,,1973-05-15,M
329,Débora Souza,débora.souza46@outlook.com,28937936384,Recife,,2003-01-01,F
330,Fernanda Carvalho,fernanda.carvalho50@outlook.com,62984795453,Belo Horizonte,MG,1966-02-13,F
331,Lucas Lima,lucas.lima24@outlook.com,86989088178,Fortaleza,CE,1965-02-14,M
332,Rafael Nascimento,rafael.nascimento84@yahoo.com,16920375286,Porto Alegre,,1962-07-15,M
333,Thiago Moreira,thiago.moreira62@yahoo.com,23980915072,Manaus,,1999-12-20,M
334,Beatriz Dias,beatriz.dias64@hotmail.com,31992838688,Brasília,,1958-01-21,F
335,Priscila Alves,priscila.alves31@gmail.com,39972037607,Belo Horizonte,MG,1972-01-17,F
336,Fernanda Nascimento,fernanda.nascimento52@outlook.com,94912912681,Porto Alegre,,1975-02-16,F
337,João Barbosa,joão.barbosa44@yahoo.com,82943898474,Brasília,,1995-05-17,M
338,Leonardo Martins,leonardo.martins15@gmail.com,95969528414,Manaus,,1994-10-16,M
339,Carlos Martins,carlos.martins6@hotmail.com,77971252741,Belo Horizonte,MG,1995-05-18,M
340,Camila Pereira,camila.pereira25@yahoo.com,61945328488,Brasília,,1967-04-04,F
341,Juliana Castro,juliana.castro64@gmail.com,86992603205,Recife,,1983-08-22,F
342,Ricardo Ribeiro,ricardo.ribeiro14@outlook.com,33938453103,Brasília,,1985-09-25,M
343,Gabriela Gomes,gabriela.gomes44@yahoo.com,42954827518,Curitiba,,1993-12-25,F
344,Rafael Ribeiro,rafael.ribeiro92@hotmail.com,49999756143,Brasília,,1999-12-17,M
345,Renata Lima,renata.lima98@yahoo.com,92962812890,Salvador,BA,1987-09-23,F
346,Aline Rodrigues,aline.rodrigues7@gmail.com,14972403381,Curitiba,,1955-09-04,F
347,Marcos Pereira,marcos.pereira5@yahoo.com,48943429866,Salvador,BA,1958-12-26,M
348,Henrique Dias,henrique.dias90@yahoo.com,60948929370,Rio de Janeiro,RJ,2002-11-18,M
349,Eduardo Gomes,eduardo.gomes26@outlook.com,17912125117,Curitiba,,1998-06-18,M
350,Cristina Dias,cristina.dias88@gmail.com,48983533906,Brasília,,1967-12-07,F
351,Daniel Souza,daniel.souza21@yahoo.com,82953293131,Curitiba,,1957-07-09,M
352,Beatriz Santos,beatriz.santos74@yahoo.com,91959349037,Salvador,BA,1975-10-02,F
353,Gabriela Alves,gabriela.alves70@outlook.com,75936117814,Salvador,BA,1988-02-26,F
354,Diego Martins,diego.martins72@gmail.com,90996918780,Belo Horizonte,MG,1978-05-07,M
355,Carolina Alves,carolina.alves15@outlook.com,98962587248,Brasília,,1994-04-02,F
356,Ana Moreira,ana.moreira84@hotmail.com,73917185856,Belo Horizonte,MG,1987-09-15,F
357,Lucas Costa,lucas.costa88@outlook.com,19944534492,Manaus,,1989-01-21,M
358,Ricardo Ribeiro,ricardo.ribeiro5@gmail.com,14985236434,Recife,,2002-11-05,M
359,André Dias,andré.dias81@outlook.com,63973578391,Recife,,1991-04-09,M
360,Eduardo Souza,eduardo.souza90@gmail.com,90920361745,Manaus,,1955-11-24,M
361,Marcos Rodrigues,marcos.rodrigues85@gmail.com,67972497473,Brasília,,1960-05-25,M
362,Rafael Gomes,rafael.gomes71@hotmail.com,49971131182,Manaus,,1973-11-05,M
363,Paulo Barbosa,paulo.barbosa28@outlook.com,50944416633,Curitiba,,1989-09-03,M
364,Bruno Costa,bruno.costa97@outlook.com,25939711891,Rio de Janeiro,RJ,1994-05-07,M
365,Marcos Oliveira,marcos.oliveira46@hotmail.com,85989826420,São Paulo,SP,1961-04-24,M
366,Lucas Rodrigues,lucas.rodrigues79@yahoo.com,73983836379,Brasília,,1959-04-11,M
367,Paulo Castro,paulo.castro29@outlook.com,11961315033,Belo Horizonte,MG,1975-07-06,M
368,Beatriz Martins,beatriz.martins23@gmail.com,50989782783,Porto Alegre,,1984-08-12,F
369,Ricardo Ferreira,ricardo.ferreira81@gmail.com,20913059309,São Paulo,SP,2001-11-03,M
370,Cristina Ferreira,cristina.ferreira47@outlook.com,80987343435,Fortaleza,CE,1990-05-18,F
371,Beatriz Araújo,beatriz.araújo85@hotmail.com,57992271173,Manaus,,1987-02-13,F
372,Daniel Lima,daniel.lima46@gmail.com,83933958921,Porto Alegre,,1965-03-19,M
373,Larissa Oliveira,larissa.oliveira47@outlook.com,96943879485,São Paulo,SP,1978-04-02,F
374,Juliana Santos,juliana.santos75@hotmail.com,92954805314,Belo Horizonte,MG,1961-12-17,F
375,Renata Castro,renata.castro46@yahoo.com,39994607649,Recife,,1988-05-13,F
376,Sandra Silva,sandra.silva83@yahoo.com,40922639430,Manaus,,1963-08-06,F
377,Bruno Carvalho,bruno.carvalho93@gmail.com,40977936410,Brasília,,2000-02-22,M
378,Letícia Ferreira,letícia.ferreira6@hotmail.com,63913674992,Brasília,,1965-11-27,F
379,Rafael Moreira,rafael.moreira67@outlook.com,32952313949,Fortaleza,CE,1991-03-02,M
380,Marcos Oliveira,marcos.oliveira53@hotmail.com,72937944594,Rio de Janeiro,RJ,1983-10-16,M
381,Henrique Moreira,henrique.moreira30@outlook.com,54984292127,São Paulo,SP,1965-12-22,M
382,Carlos Ferreira,carlos.ferreira61@gmail.com,30925773906,Manaus,,1987-11-14,M
383,João Nascimento,joão.nascimento54@yahoo.com,11980699553,Salvador,BA,1993-09-27,M
384,Larissa Nascimento,larissa.nascimento18@yahoo.com,84926007971,Curitiba,,1977-10-26,F
385,João Rodrigues,joão.rodrigues74@gmail.com,35910891116,Brasília,,1989-07-09,M
386,Patrícia Martins,patrícia.martins69@outlook.com,65951555281,Curitiba,,1978-02-05,F
387,Tatiana Ferreira,tatiana.ferreira33@yahoo.com,33970658925,Curitiba,,1990-09-16,F
388,Beatriz Souza,beatriz.souza52@yahoo.com,23945139328,Rio de Janeiro,RJ,1983-12-06,F
389,Bruno Gomes,bruno.gomes9@yahoo.com,87981332444,Fortaleza,CE,1960-03-16,M
390,Henrique Santos,henrique.santos23@outlook.com,77956931941,Curitiba,,1980-10-21,M
391,Daniel Rodrigues,daniel.rodrigues87@gmail.com,77947953776,Rio de Janeiro,RJ,1957-10-17,M
392,Bruno Oliveira,bruno.oliveira67@gmail.com,61976424281,São Paulo,SP,1980-06-22,M
393,João Dias,joão.dias29@hotmail.com,55966935530,São Paulo,SP,2001-09-19,M
394,Cristina Silva,cristina.silva38@yahoo.com,24921859243,São Paulo,SP,1966-07-17,F
395,Aline Castro,aline.castro97@yahoo.com,83989234985,São Paulo,SP,1999-08-13,F
396,Carolina Castro,carolina.castro87@hotmail.com,19972694610,Fortaleza,CE,1985-02-09,F
397,Renata Moreira,renata.moreira12@outlook.com,44950675706,Manaus,,1955-12-27,F
398,Fernanda Dias,fernanda.dias96@hotmail.com,38954083994,Salvador,BA,1985-06-12,F
399,Felipe Alves,felipe.alves14@gmail.com,42968333555,São Paulo,SP,1968-04-07,M
400,Sandra Silva,sandra.silva74@yahoo.com,90961679066,Manaus,,1957-08-12,F
